world_size,M,K,N,impl,ms_mean,ms_std,ms_min,ms_max,tflops_mean,tflops_std,tflops_min,tflops_max,ranks
8,2048,256,2048,NCCL,0.11235999912023545,0.010863470345704269,0.08562560081481933,0.11774719953536987,19.310291627039824,2.3385360163594804,18.238086820527066,25.079925017335846,8
8,2048,256,2048,PK,0.044089600071311,0.0021711919961677085,0.04103040099143982,0.04819200038909912,48.80837651221217,2.350359724021879,44.560998312196105,52.33884134956492,8
8,4096,512,4096,NCCL,0.17287839949131012,0.0024984083304131766,0.16692479848861694,0.17472000122070314,99.39410707583396,1.4752910614371468,98.32800517382495,102.91981382964822,8
8,4096,512,4096,PK,0.12844320088624955,0.00034430681203827035,0.12801920175552367,0.12900480031967163,133.75544216350323,0.3582974150745978,133.17232491681384,134.19759651999811,8
