world_size,M,K,N,num_comm_sms,impl,ms_mean,ms_std,ms_min,ms_max,tflops_mean,tflops_std,tflops_min,tflops_max,ranks
8,32768,4096,32768,0,NCCL,12.697993564605714,0.1679052034808382,12.556473541259766,13.059429931640626,692.8194976579956,9.0159444062725,673.5434140885939,700.5225625892973,8
8,32768,4096,32768,0,PK,11.198570442199706,0.2518697160176385,10.854668426513673,11.548550415039063,785.8144675139218,17.72493353878536,761.6620879754151,810.3511481495477,8
8,32768,32768,4096,0,NCCL,12.686746311187743,0.16077914011071656,12.442610931396484,12.915142822265626,693.4270119559867,8.811644773321856,681.0681959353627,706.9330601676845,8
8,32768,32768,4096,0,PK,11.816867923736572,0.19880983098746538,11.487615966796875,12.097650909423828,744.5527959318047,12.585357608797537,727.0909937859108,765.7022177300936,8
