world_size,M,K,N,num_comm_sms,impl,ms_mean,ms_std,ms_min,ms_max,tflops_mean,tflops_std,tflops_min,tflops_max,ranks
8,32768,4096,32768,0,NCCL,21.932799339294434,0.005401093929255636,21.922828674316406,21.939935302734376,401.0474610619881,0.09877323874230103,400.9169991085499,401.229839127148,8
8,32768,4096,32768,0,PK,11.821288776397704,0.0009762826533489288,11.819007873535156,11.82204818725586,744.0891802146542,0.06146049340480573,744.041377846029,744.232774554961,8
8,32768,32768,4096,0,NCCL,14.203280639648437,0.0136427767714076,14.186566162109376,14.219679260253907,619.3005930612048,0.5948803204915278,618.58589502749,620.0297465711832,8
8,32768,32768,4096,0,PK,12.470171165466308,0.0006299672949323475,12.46911392211914,12.470861053466797,705.3706741580087,0.03563492094853731,705.33165147909,705.4304802368101,8
