world_size,M,K,N,num_comm_sms,impl,ms_mean,ms_std,ms_min,ms_max,tflops_mean,tflops_std,tflops_min,tflops_max,ranks
8,32768,4096,32768,16,NCCL,21.85427360534668,0.005819645723564922,21.84687957763672,21.862995910644532,402.4884892907017,0.10717464469799226,402.3278903841997,402.624685642155,8
8,32768,4096,32768,16,PK,15.841970634460449,0.0008114673610457548,15.8403076171875,15.842611694335938,555.239827504123,0.02844258721283771,555.2173588495377,555.2981188738919,8
8,32768,32768,4096,16,NCCL,13.924135971069337,0.007483274892783158,13.912588500976563,13.931507873535157,631.7156959870549,0.3396182390829509,631.3812619606961,632.2398611581575,8
8,32768,32768,4096,16,PK,13.388036727905273,0.0011815426610220117,13.386163330078125,13.3889404296875,657.0114245223889,0.057988215448611775,656.9670743103981,657.1033690021967,8
