world_size,M,K,N,num_comm_sms,impl,ms_mean,ms_std,ms_min,ms_max,tflops_mean,tflops_std,tflops_min,tflops_max,ranks
8,8192,8192,1024,16,NCCL,0.5645023584365845,0.00014181384832890907,0.5643049621582031,0.5647366333007813,243.4692415495808,0.06116271580015015,243.368227537666,243.55439467758737,8
8,8192,8192,1024,16,TK,0.5485951566696167,2.2063610480150452e-05,0.5485599899291992,0.548612174987793,250.52892282331817,0.010076244311919516,250.52115089326648,250.54498322004633,8
